user_4,40351,Mumbai,2026-02-23 16:06:29
user_3,26283,Bangalore,2026-02-23 16:06:31
user_4,47431,Delhi,2026-02-23 16:06:33
user_3,26877,Mumbai,2026-02-23 16:06:35
user_5,29587,Mumbai,2026-02-23 16:06:37
user_2,3923,Bangalore,2026-02-23 16:06:39
user_5,45510,Delhi,2026-02-23 16:06:41
user_2,44144,Mumbai,2026-02-23 16:06:43
user_3,11294,Mumbai,2026-02-23 16:06:45
user_2,12457,Hyderabad,2026-02-23 16:06:47
user_1,12297,Hyderabad,2026-02-23 16:06:49
user_1,48039,Hyderabad,2026-02-23 16:06:51
user_2,8824,Bangalore,2026-02-23 16:06:53
user_4,12763,Bangalore,2026-02-23 16:06:55
user_4,7162,Bangalore,2026-02-23 16:06:57
user_5,13632,Hyderabad,2026-02-23 16:06:59
user_4,7160,Mumbai,2026-02-23 16:07:01
user_1,5473,Delhi,2026-02-23 16:07:03
user_2,29218,Delhi,2026-02-23 16:07:05
user_1,25350,Mumbai,2026-02-23 16:07:07
user_5,26532,Mumbai,2026-02-23 16:07:09
user_5,18934,Bangalore,2026-02-23 16:07:11
user_3,25566,Hyderabad,2026-02-23 16:07:13
user_4,44957,Bangalore,2026-02-23 16:07:15
user_5,29691,Bangalore,2026-02-23 16:07:17
user_2,49120,Bangalore,2026-02-23 16:07:19
user_1,29576,Hyderabad,2026-02-23 16:07:21
user_1,25206,Delhi,2026-02-23 16:07:23
user_5,30639,Delhi,2026-02-23 16:07:25
user_4,48271,Hyderabad,2026-02-23 16:07:27
user_5,20201,Hyderabad,2026-02-23 16:07:29
user_3,29725,Bangalore,2026-02-23 16:07:31
user_1,6569,Delhi,2026-02-23 16:07:33
user_3,6441,Mumbai,2026-02-23 16:07:35
user_2,15592,Bangalore,2026-02-23 16:07:37
user_2,27568,Delhi,2026-02-23 16:07:39
user_3,37593,Mumbai,2026-02-23 16:07:42
user_1,40440,Delhi,2026-02-23 16:07:44
user_5,43078,Hyderabad,2026-02-23 16:07:46
user_3,41573,Mumbai,2026-02-23 16:07:48
user_4,34983,Bangalore,2026-02-23 16:07:50
user_4,36075,Hyderabad,2026-02-23 16:07:52
user_4,42723,Hyderabad,2026-02-23 16:07:54
user_3,22694,Bangalore,2026-02-23 16:07:56
user_1,48058,Hyderabad,2026-02-23 16:07:58
user_4,5541,Hyderabad,2026-02-23 16:08:00
user_4,15123,Mumbai,2026-02-23 16:08:02
user_5,41763,Hyderabad,2026-02-23 16:08:04
user_4,39968,Hyderabad,2026-02-23 16:08:06
user_5,25170,Bangalore,2026-02-23 16:08:08
user_1,39457,Delhi,2026-02-23 16:08:10
user_2,32402,Hyderabad,2026-02-23 16:08:12
user_1,26137,Mumbai,2026-02-23 16:08:14
user_4,19995,Bangalore,2026-02-23 16:08:16
user_1,13551,Delhi,2026-02-23 16:08:18
user_5,13831,Mumbai,2026-02-23 16:08:20
user_3,45177,Hyderabad,2026-02-23 16:08:22
user_4,36318,Delhi,2026-02-23 16:08:24
user_1,11404,Hyderabad,2026-02-23 16:08:26
user_2,40683,Mumbai,2026-02-23 16:08:28
user_3,15556,Delhi,2026-02-23 16:08:30
user_5,32452,Mumbai,2026-02-23 16:08:32
user_1,5551,Bangalore,2026-02-23 16:08:34
user_4,10824,Delhi,2026-02-23 16:08:36
user_2,33199,Delhi,2026-02-23 16:08:38
user_3,46523,Delhi,2026-02-23 16:08:40
user_5,6885,Hyderabad,2026-02-23 16:08:42
user_5,7731,Bangalore,2026-02-23 16:08:44
user_4,799,Mumbai,2026-02-23 16:08:46
user_1,49720,Hyderabad,2026-02-23 16:08:48
user_3,1785,Bangalore,2026-02-23 16:08:50
user_3,28009,Delhi,2026-02-23 16:08:52
user_3,49402,Mumbai,2026-02-23 16:08:54
user_1,18411,Delhi,2026-02-23 16:08:56
user_5,27144,Bangalore,2026-02-23 16:08:58
user_5,25651,Mumbai,2026-02-23 16:09:00
user_4,9902,Delhi,2026-02-23 16:09:02
user_4,39756,Hyderabad,2026-02-23 16:09:04
user_3,13172,Mumbai,2026-02-23 16:09:07
user_5,17661,Hyderabad,2026-02-23 16:09:09
user_1,476,Mumbai,2026-02-23 16:09:11
user_1,47570,Hyderabad,2026-02-23 16:09:13
user_5,39009,Delhi,2026-02-23 16:09:15
user_2,27044,Delhi,2026-02-23 16:09:17
user_2,32999,Mumbai,2026-02-23 16:09:19
user_3,48156,Delhi,2026-02-23 16:09:21
user_5,17037,Bangalore,2026-02-23 16:09:23
user_1,13273,Bangalore,2026-02-23 16:09:25
user_5,22799,Mumbai,2026-02-23 16:09:27
user_2,26245,Mumbai,2026-02-23 16:09:29
user_1,30668,Delhi,2026-02-23 16:09:31
user_2,18343,Mumbai,2026-02-23 16:09:33
user_2,34544,Bangalore,2026-02-23 16:09:35
user_5,32145,Hyderabad,2026-02-23 16:09:37
user_5,10836,Mumbai,2026-02-23 16:09:39
user_1,22864,Bangalore,2026-02-23 16:09:41
user_3,47354,Delhi,2026-02-23 16:09:43
user_3,21917,Hyderabad,2026-02-23 16:09:45
user_3,11385,Bangalore,2026-02-23 16:09:47
user_3,6484,Bangalore,2026-02-23 16:09:49
user_2,39496,Bangalore,2026-02-23 16:09:51
user_4,10258,Bangalore,2026-02-23 16:09:53
user_4,36318,Mumbai,2026-02-23 16:09:55
user_3,38449,Bangalore,2026-02-23 16:09:57
user_3,12179,Hyderabad,2026-02-23 16:09:59
user_4,24887,Delhi,2026-02-23 16:10:01
user_5,17160,Hyderabad,2026-02-23 16:10:03
user_5,31531,Mumbai,2026-02-23 16:10:05
user_1,30492,Hyderabad,2026-02-23 16:10:07
user_4,6749,Delhi,2026-02-23 16:10:09
user_3,10366,Bangalore,2026-02-23 16:10:11
user_2,24606,Mumbai,2026-02-23 16:10:13
user_5,49736,Hyderabad,2026-02-23 16:10:15
user_3,3030,Bangalore,2026-02-23 16:10:17
user_5,25815,Hyderabad,2026-02-23 16:10:19
user_5,755,Bangalore,2026-02-23 16:10:21
user_2,36619,Delhi,2026-02-23 16:10:24
user_2,41994,Hyderabad,2026-02-23 16:10:26
user_1,34284,Hyderabad,2026-02-23 16:10:28
user_3,40323,Mumbai,2026-02-23 16:10:30
user_1,9104,Delhi,2026-02-23 16:10:32
user_3,24215,Hyderabad,2026-02-23 16:10:34
user_4,33806,Delhi,2026-02-23 16:10:36
user_4,9022,Bangalore,2026-02-23 16:10:38
user_5,435,Hyderabad,2026-02-23 16:10:40
user_1,36314,Hyderabad,2026-02-23 16:10:42
user_1,32759,Delhi,2026-02-23 16:10:44
user_1,1112,Delhi,2026-02-23 16:10:46
user_1,17332,Hyderabad,2026-02-23 16:10:48
user_3,19598,Bangalore,2026-02-23 16:10:50
user_3,40973,Mumbai,2026-02-23 16:10:52
user_4,46331,Delhi,2026-02-23 16:10:54
user_4,21254,Hyderabad,2026-02-23 16:10:56
user_2,37507,Hyderabad,2026-02-23 16:10:58
user_5,5424,Delhi,2026-02-23 16:11:00
user_3,17257,Hyderabad,2026-02-23 16:11:02
user_1,38493,Mumbai,2026-02-23 16:11:04
user_1,900,Delhi,2026-02-23 16:11:06
user_2,8863,Hyderabad,2026-02-23 16:11:08
user_5,40161,Delhi,2026-02-23 16:11:10
user_4,4953,Mumbai,2026-02-23 16:11:12
user_2,22205,Bangalore,2026-02-23 16:11:14
user_2,37776,Delhi,2026-02-23 16:11:16
user_1,7528,Bangalore,2026-02-23 16:11:18
user_5,18742,Hyderabad,2026-02-23 16:11:20
user_2,8334,Bangalore,2026-02-23 16:11:22
user_1,16478,Delhi,2026-02-23 16:11:24
user_3,12218,Bangalore,2026-02-23 16:11:27
user_2,7865,Mumbai,2026-02-23 16:11:29
user_3,22177,Bangalore,2026-02-23 16:11:31
user_4,39489,Mumbai,2026-02-23 16:11:33
user_3,16145,Delhi,2026-02-23 16:11:35
user_3,18344,Bangalore,2026-02-23 16:11:37
user_1,31558,Mumbai,2026-02-23 16:11:39
user_1,2189,Mumbai,2026-02-23 16:11:41
user_5,49989,Bangalore,2026-02-23 16:11:43
user_1,19039,Delhi,2026-02-23 16:11:45
user_3,27202,Bangalore,2026-02-23 16:11:47
user_1,17587,Mumbai,2026-02-23 16:11:49
user_5,19401,Delhi,2026-02-23 16:11:51
user_3,46332,Hyderabad,2026-02-23 16:11:53
user_3,16617,Delhi,2026-02-23 16:11:55
user_2,303,Bangalore,2026-02-23 16:11:57
user_1,23111,Hyderabad,2026-02-23 16:11:59
user_4,25220,Mumbai,2026-02-23 16:12:01
user_4,30088,Mumbai,2026-02-23 16:12:03
user_1,48706,Mumbai,2026-02-23 16:12:05
user_3,19712,Delhi,2026-02-23 16:12:07
user_4,37220,Hyderabad,2026-02-23 16:12:09
user_1,21998,Bangalore,2026-02-23 16:12:11
user_2,23577,Mumbai,2026-02-23 16:12:13
user_4,31781,Mumbai,2026-02-23 16:12:15
user_4,21894,Mumbai,2026-02-23 16:12:17
user_2,22494,Mumbai,2026-02-23 16:12:19
user_3,17802,Mumbai,2026-02-23 16:12:21
user_3,16262,Bangalore,2026-02-23 16:12:23
user_2,13229,Delhi,2026-02-23 16:12:25
user_3,36106,Bangalore,2026-02-23 16:12:27
user_1,46014,Bangalore,2026-02-23 16:12:29
user_4,48554,Mumbai,2026-02-23 16:12:31
user_3,29741,Hyderabad,2026-02-23 16:12:33
user_3,14924,Mumbai,2026-02-23 16:12:35
user_2,34344,Bangalore,2026-02-23 16:12:37
user_2,10597,Mumbai,2026-02-23 16:12:39
user_1,26927,Hyderabad,2026-02-23 16:12:41
user_5,15484,Hyderabad,2026-02-23 16:12:44
user_2,16324,Bangalore,2026-02-23 16:12:46
user_5,10814,Mumbai,2026-02-23 16:12:48
user_4,43231,Mumbai,2026-02-23 16:12:50
user_3,33468,Bangalore,2026-02-23 16:12:52
user_1,13885,Delhi,2026-02-23 16:12:54
user_5,20135,Mumbai,2026-02-23 16:12:56
user_2,47856,Hyderabad,2026-02-23 16:12:58
user_5,38124,Hyderabad,2026-02-23 16:13:00
user_4,25107,Mumbai,2026-02-23 16:13:02
user_5,3916,Hyderabad,2026-02-23 16:13:04
user_5,27901,Bangalore,2026-02-23 16:13:06
user_1,49520,Mumbai,2026-02-23 16:13:08
user_3,11213,Hyderabad,2026-02-23 16:13:10
user_2,13837,Hyderabad,2026-02-23 16:13:12
user_5,10073,Delhi,2026-02-23 16:13:14
user_1,14299,Delhi,2026-02-23 16:13:16
user_3,18211,Delhi,2026-02-23 16:13:18
user_3,39905,Mumbai,2026-02-23 16:13:20
user_1,32055,Hyderabad,2026-02-23 16:13:22
user_2,5893,Mumbai,2026-02-23 16:13:24
user_1,9918,Mumbai,2026-02-23 16:13:26
user_2,49279,Delhi,2026-02-23 16:13:28
user_2,3709,Mumbai,2026-02-23 16:13:30
user_4,16690,Mumbai,2026-02-23 16:13:32
user_4,41941,Bangalore,2026-02-23 16:13:34
user_2,45823,Mumbai,2026-02-23 16:13:36
user_2,6356,Bangalore,2026-02-23 16:13:38
user_3,8425,Hyderabad,2026-02-23 16:13:40
user_2,24392,Mumbai,2026-02-23 16:13:42
user_2,3715,Hyderabad,2026-02-23 16:13:45
user_5,4936,Bangalore,2026-02-23 16:13:47
user_2,17739,Bangalore,2026-02-23 16:13:49
user_5,17648,Mumbai,2026-02-23 16:13:51
user_4,14429,Hyderabad,2026-02-23 16:13:53
user_1,2203,Delhi,2026-02-23 16:13:55
user_3,9747,Mumbai,2026-02-23 16:13:57
user_2,5638,Hyderabad,2026-02-23 16:13:59
user_1,46077,Hyderabad,2026-02-23 16:14:01
user_2,47034,Mumbai,2026-02-23 16:14:03
user_2,45105,Mumbai,2026-02-23 16:14:05
user_2,31552,Hyderabad,2026-02-23 16:14:07
user_4,13877,Mumbai,2026-02-23 16:14:09
user_3,28704,Mumbai,2026-02-23 16:14:11
user_2,5025,Mumbai,2026-02-23 16:14:13
user_2,14514,Hyderabad,2026-02-23 16:14:15
user_2,47082,Delhi,2026-02-23 16:14:17
user_5,45141,Bangalore,2026-02-23 16:14:19
user_4,41726,Delhi,2026-02-23 16:14:21
user_2,19791,Delhi,2026-02-23 16:14:23
user_4,3708,Mumbai,2026-02-23 16:14:25
user_1,2652,Bangalore,2026-02-23 16:14:27
user_2,15369,Hyderabad,2026-02-23 16:14:30
user_4,2692,Delhi,2026-02-23 16:14:32
user_2,20607,Delhi,2026-02-23 16:14:34
user_4,24380,Delhi,2026-02-23 16:14:36
user_1,32583,Hyderabad,2026-02-23 16:14:38
user_4,9175,Hyderabad,2026-02-23 16:14:40
user_4,31750,Bangalore,2026-02-23 16:14:42
user_3,7626,Mumbai,2026-02-23 16:14:44
user_1,48795,Mumbai,2026-02-23 16:14:46
user_4,12942,Bangalore,2026-02-23 16:14:48
user_4,34692,Bangalore,2026-02-23 16:14:50
user_3,16065,Hyderabad,2026-02-23 16:14:52
user_5,33586,Bangalore,2026-02-23 16:14:54
user_1,33705,Delhi,2026-02-23 16:14:56
user_5,22575,Hyderabad,2026-02-23 16:14:58
user_3,24772,Mumbai,2026-02-23 16:15:00
user_2,43585,Bangalore,2026-02-23 16:15:02
user_1,2591,Bangalore,2026-02-23 16:15:04
user_1,30179,Bangalore,2026-02-23 16:15:06
user_5,37152,Mumbai,2026-02-23 16:15:08
user_4,19173,Hyderabad,2026-02-23 16:15:10
user_3,33125,Delhi,2026-02-23 16:15:12
user_5,30309,Delhi,2026-02-23 16:15:14
user_2,18636,Delhi,2026-02-23 16:15:16
user_1,47839,Hyderabad,2026-02-23 16:15:18
user_2,34875,Bangalore,2026-02-23 16:15:20
user_5,17259,Hyderabad,2026-02-23 16:15:53
user_2,16782,Mumbai,2026-02-23 16:15:55
user_3,2793,Bangalore,2026-02-23 16:15:58
user_2,23279,Delhi,2026-02-23 16:16:00
user_3,21955,Mumbai,2026-02-23 16:16:02
user_4,4644,Bangalore,2026-02-23 16:16:04
user_2,8577,Mumbai,2026-02-23 16:16:06
user_1,25734,Hyderabad,2026-02-23 16:16:08
user_4,45594,Mumbai,2026-02-23 16:16:10
user_1,36003,Bangalore,2026-02-23 16:16:12
user_3,17817,Mumbai,2026-02-23 16:16:14
user_5,31923,Delhi,2026-02-23 16:16:16
user_2,18554,Delhi,2026-02-23 16:16:18
user_3,43417,Delhi,2026-02-23 16:16:20
user_5,11386,Hyderabad,2026-02-23 16:16:22
user_3,4285,Bangalore,2026-02-23 16:16:24
user_1,33137,Delhi,2026-02-23 16:16:26
user_3,37283,Bangalore,2026-02-23 16:16:28
user_3,43682,Hyderabad,2026-02-23 16:16:30
user_1,43747,Hyderabad,2026-02-23 16:16:32
user_4,42016,Delhi,2026-02-23 16:16:34
user_3,29960,Mumbai,2026-02-23 16:16:36
user_1,4682,Delhi,2026-02-23 16:16:38
user_2,24438,Mumbai,2026-02-23 16:16:40
user_2,49163,Mumbai,2026-02-23 16:16:42
user_3,4858,Mumbai,2026-02-23 16:16:44
user_4,48200,Bangalore,2026-02-23 16:16:46
user_1,5888,Mumbai,2026-02-23 16:16:48
user_2,6606,Hyderabad,2026-02-23 16:16:50
user_5,14090,Bangalore,2026-02-23 16:16:52
user_2,48955,Bangalore,2026-02-23 16:16:54
user_1,6666,Delhi,2026-02-23 16:16:56
user_2,24665,Bangalore,2026-02-23 16:16:58
user_5,34871,Delhi,2026-02-23 16:17:00
user_5,24063,Hyderabad,2026-02-23 16:17:02
user_5,23505,Delhi,2026-02-23 16:17:04
user_2,34539,Hyderabad,2026-02-23 16:17:07
user_5,34171,Mumbai,2026-02-23 16:17:09
user_5,25838,Delhi,2026-02-23 16:17:11
user_2,1381,Mumbai,2026-02-23 16:17:13
user_2,46382,Delhi,2026-02-23 16:17:15
user_2,30430,Mumbai,2026-02-23 16:17:17
user_2,28683,Mumbai,2026-02-23 16:17:19
user_2,18013,Mumbai,2026-02-23 16:17:21
user_3,5455,Delhi,2026-02-23 16:17:23
user_5,29054,Hyderabad,2026-02-23 16:17:25
user_2,10839,Delhi,2026-02-23 16:17:27
user_4,20794,Mumbai,2026-02-23 16:17:29
user_4,47815,Bangalore,2026-02-23 16:17:31
user_5,28379,Mumbai,2026-02-23 16:17:33
user_1,13035,Mumbai,2026-02-23 16:17:35
user_2,38485,Hyderabad,2026-02-23 16:17:37
user_2,25232,Delhi,2026-02-23 16:17:53
user_4,37831,Bangalore,2026-02-23 16:17:55
user_2,48450,Delhi,2026-02-23 16:17:57
user_5,28416,Mumbai,2026-02-23 16:17:59
user_2,29069,Mumbai,2026-02-23 16:18:01
user_4,26938,Mumbai,2026-02-23 16:18:03
user_4,22948,Bangalore,2026-02-23 16:18:05
user_1,28552,Bangalore,2026-02-23 16:18:07
user_3,30121,Hyderabad,2026-02-23 16:18:09
user_3,34773,Mumbai,2026-02-23 16:18:11
user_5,8366,Delhi,2026-02-23 16:18:13
user_5,47466,Bangalore,2026-02-23 16:18:15
user_3,17324,Delhi,2026-02-23 16:18:17
user_2,11065,Delhi,2026-02-23 16:18:19
user_3,45219,Mumbai,2026-02-23 16:18:21
user_3,1049,Hyderabad,2026-02-23 16:18:23
user_3,4765,Delhi,2026-02-23 16:18:25
user_2,30557,Hyderabad,2026-02-23 16:18:27
user_3,16822,Hyderabad,2026-02-23 16:18:29
user_2,43998,Hyderabad,2026-02-23 16:18:31
user_5,46470,Hyderabad,2026-02-23 16:18:33
user_3,16279,Bangalore,2026-02-23 16:18:35
user_1,32948,Mumbai,2026-02-23 16:18:37
user_5,24178,Hyderabad,2026-02-23 16:18:39
user_3,24386,Delhi,2026-02-23 16:18:41
user_2,31633,Mumbai,2026-02-23 16:18:43
user_2,6436,Mumbai,2026-02-23 16:18:45
user_2,34360,Hyderabad,2026-02-23 16:18:47
user_5,28738,Mumbai,2026-02-23 16:18:49
user_2,47111,Delhi,2026-02-23 16:18:51
user_4,8978,Mumbai,2026-02-23 16:18:53
user_4,31623,Mumbai,2026-02-23 16:18:55
user_5,22957,Hyderabad,2026-02-23 16:18:57
user_4,17440,Mumbai,2026-02-23 16:19:00
user_3,46858,Bangalore,2026-02-23 16:19:02
user_3,37431,Delhi,2026-02-23 16:19:04
user_1,35009,Hyderabad,2026-02-23 16:19:06
user_4,5514,Delhi,2026-02-23 16:19:08
user_2,29639,Bangalore,2026-02-23 16:19:10
user_2,27718,Bangalore,2026-02-23 16:19:12
user_2,46431,Bangalore,2026-02-23 16:19:14
user_2,1377,Bangalore,2026-02-23 16:19:16
user_3,35112,Delhi,2026-02-23 16:19:18
user_4,49660,Mumbai,2026-02-23 16:19:20
user_5,34514,Mumbai,2026-02-23 16:19:22
user_4,6938,Mumbai,2026-02-23 16:19:24
user_4,18587,Mumbai,2026-02-23 16:19:26
user_3,306,Delhi,2026-02-23 16:19:28
user_2,13668,Delhi,2026-02-23 16:19:30
user_1,35967,Hyderabad,2026-02-23 16:19:32
user_4,7658,Hyderabad,2026-02-23 16:19:34
user_4,45606,Hyderabad,2026-02-23 16:19:36
user_5,42503,Delhi,2026-02-23 16:19:38
user_3,43916,Mumbai,2026-02-23 16:19:40
user_4,15701,Mumbai,2026-02-23 16:19:42
user_4,43576,Delhi,2026-02-23 16:19:44
user_4,13537,Bangalore,2026-02-23 16:19:46
user_2,40497,Hyderabad,2026-02-23 16:19:48
user_4,46992,Bangalore,2026-02-23 16:19:50
user_5,18627,Mumbai,2026-02-23 16:19:52
user_1,17863,Mumbai,2026-02-23 16:19:54
user_1,47876,Bangalore,2026-02-23 16:19:56
user_1,18709,Bangalore,2026-02-23 16:19:58
user_3,5593,Mumbai,2026-02-23 16:20:00
user_5,8470,Hyderabad,2026-02-23 16:20:02
user_5,3971,Mumbai,2026-02-23 16:20:04
user_4,49684,Bangalore,2026-02-23 16:20:06
user_5,15724,Hyderabad,2026-02-23 16:20:08
user_5,27715,Delhi,2026-02-23 16:20:10
user_3,45722,Delhi,2026-02-23 16:20:12
user_2,31679,Mumbai,2026-02-23 16:20:14
user_2,43937,Bangalore,2026-02-23 16:20:16
user_1,48351,Bangalore,2026-02-23 16:20:18
user_4,40248,Bangalore,2026-02-23 16:20:20
user_5,14356,Delhi,2026-02-23 16:20:22
user_3,27368,Bangalore,2026-02-23 16:20:24
user_1,11087,Mumbai,2026-02-23 16:20:26
user_4,5538,Hyderabad,2026-02-23 16:20:28
user_4,9268,Bangalore,2026-02-23 16:20:30
user_4,27902,Delhi,2026-02-23 16:20:32
user_5,40689,Bangalore,2026-02-23 16:20:35
user_4,8153,Bangalore,2026-02-23 16:20:37
user_3,32035,Delhi,2026-02-23 16:20:39
user_5,41586,Bangalore,2026-02-23 16:20:41
user_2,30434,Hyderabad,2026-02-23 16:20:43
user_4,12570,Delhi,2026-02-23 16:20:45
user_3,43444,Bangalore,2026-02-23 16:20:47
user_1,4886,Mumbai,2026-02-23 16:20:49
user_5,41978,Hyderabad,2026-02-23 16:20:51
user_3,16520,Bangalore,2026-02-23 16:20:53
user_2,31760,Delhi,2026-02-23 16:20:55
user_2,41507,Mumbai,2026-02-23 16:20:57
user_4,13436,Bangalore,2026-02-23 16:20:59
user_5,7733,Bangalore,2026-02-23 16:21:01
user_5,1530,Hyderabad,2026-02-23 16:21:03
user_2,25716,Mumbai,2026-02-23 16:21:05
user_1,23684,Mumbai,2026-02-23 16:21:07
user_4,15548,Bangalore,2026-02-23 16:21:09
user_4,34737,Delhi,2026-02-23 16:21:11
user_2,4935,Hyderabad,2026-02-23 16:21:13
user_1,46692,Delhi,2026-02-23 16:21:15
user_5,5443,Delhi,2026-02-23 16:21:17
user_1,20685,Delhi,2026-02-23 16:21:19
user_2,27608,Bangalore,2026-02-23 16:21:21
user_3,33547,Bangalore,2026-02-23 16:21:23
user_3,41055,Mumbai,2026-02-23 16:21:25
user_5,34470,Bangalore,2026-02-23 16:21:27
user_3,13058,Delhi,2026-02-23 16:21:29
user_3,40501,Mumbai,2026-02-23 16:21:31
user_1,48541,Hyderabad,2026-02-23 16:21:33
user_4,39693,Bangalore,2026-02-23 16:21:35
user_3,47520,Bangalore,2026-02-23 16:21:37
user_1,19561,Hyderabad,2026-02-23 16:21:39
user_4,6006,Hyderabad,2026-02-23 16:21:41
user_2,17583,Hyderabad,2026-02-23 16:21:43
user_5,38380,Mumbai,2026-02-23 16:21:45
user_2,45070,Bangalore,2026-02-23 16:21:47
user_3,13427,Hyderabad,2026-02-23 16:21:49
user_1,48493,Bangalore,2026-02-23 16:21:51
user_2,37075,Delhi,2026-02-23 16:21:54
user_1,2546,Mumbai,2026-02-23 16:21:56
user_4,41403,Bangalore,2026-02-23 16:21:58
user_2,49863,Delhi,2026-02-23 16:22:00
user_3,3918,Delhi,2026-02-23 16:22:02
user_1,20540,Mumbai,2026-02-23 16:22:04
user_3,17020,Hyderabad,2026-02-23 16:22:06
user_3,6464,Hyderabad,2026-02-23 16:22:08
user_3,22239,Delhi,2026-02-23 16:22:10
user_4,22927,Mumbai,2026-02-23 16:22:12
user_5,44911,Mumbai,2026-02-23 16:22:14
user_3,10306,Bangalore,2026-02-23 16:22:16
user_5,27245,Bangalore,2026-02-23 16:22:18
user_5,48010,Hyderabad,2026-02-23 16:22:20
user_3,2296,Mumbai,2026-02-23 16:22:22
user_3,48093,Bangalore,2026-02-23 16:22:24
user_5,9954,Delhi,2026-02-23 16:22:26
user_2,14827,Hyderabad,2026-02-23 16:22:29
user_3,21203,Hyderabad,2026-02-23 16:22:31
user_5,10091,Mumbai,2026-02-23 16:22:33
user_5,45412,Hyderabad,2026-02-23 16:22:35
user_3,41557,Hyderabad,2026-02-23 16:22:37
user_1,13867,Delhi,2026-02-23 16:22:39
user_5,3174,Bangalore,2026-02-23 16:22:41
user_5,18221,Mumbai,2026-02-23 16:22:43
user_5,1500,Hyderabad,2026-02-23 16:22:45
user_1,26748,Hyderabad,2026-02-23 16:22:47
user_4,2179,Mumbai,2026-02-23 16:22:49
user_2,35212,Mumbai,2026-02-23 16:22:51
user_2,34602,Mumbai,2026-02-23 16:22:53
user_2,8530,Mumbai,2026-02-23 16:22:55
user_3,37313,Bangalore,2026-02-23 16:22:57
user_5,6502,Hyderabad,2026-02-23 16:22:59
user_2,518,Hyderabad,2026-02-23 16:23:01
user_4,30283,Bangalore,2026-02-23 16:23:03
user_5,11707,Delhi,2026-02-23 16:23:05
user_4,33057,Mumbai,2026-02-23 16:23:07
user_4,42083,Mumbai,2026-02-23 16:23:09
user_4,44939,Hyderabad,2026-02-23 16:23:11
user_2,6649,Bangalore,2026-02-23 16:23:13
user_2,25773,Hyderabad,2026-02-23 16:23:15
user_3,41072,Mumbai,2026-02-23 16:23:17
user_4,1336,Hyderabad,2026-02-23 16:23:19
user_5,39713,Mumbai,2026-02-23 16:23:21
user_3,41969,Hyderabad,2026-02-23 16:23:23
user_1,38358,Hyderabad,2026-02-23 16:23:25
user_3,4867,Hyderabad,2026-02-23 16:23:27
user_2,36579,Hyderabad,2026-02-23 16:23:29
user_1,1835,Delhi,2026-02-23 16:23:31
user_3,1334,Hyderabad,2026-02-23 16:23:33
user_2,38427,Delhi,2026-02-23 16:23:35
user_1,33610,Mumbai,2026-02-23 16:23:37
user_4,4194,Mumbai,2026-02-23 16:23:39
user_5,20203,Delhi,2026-02-23 16:23:41
user_5,35655,Delhi,2026-02-23 16:23:43
user_2,1099,Mumbai,2026-02-23 16:23:45
user_1,31164,Delhi,2026-02-23 16:23:47
user_4,35451,Bangalore,2026-02-23 16:23:49
user_4,6174,Bangalore,2026-02-23 16:23:51
user_1,10230,Mumbai,2026-02-23 16:23:53
user_1,18767,Bangalore,2026-02-23 16:23:55
user_1,9561,Delhi,2026-02-23 16:23:57
user_5,46012,Mumbai,2026-02-23 16:23:59
user_4,27531,Delhi,2026-02-23 16:24:02
user_2,32304,Delhi,2026-02-23 16:24:04
user_1,16157,Bangalore,2026-02-23 16:24:06
user_4,2490,Mumbai,2026-02-23 16:24:08
user_3,47495,Mumbai,2026-02-23 16:24:10
user_5,39744,Hyderabad,2026-02-23 16:24:12
user_2,39077,Hyderabad,2026-02-23 16:24:14
user_5,26867,Mumbai,2026-02-23 16:24:16
user_5,11089,Delhi,2026-02-23 16:24:18
user_3,38098,Hyderabad,2026-02-23 16:24:20
user_5,44496,Mumbai,2026-02-23 16:24:22
user_2,3153,Delhi,2026-02-23 16:24:24
user_3,33279,Delhi,2026-02-23 16:24:26
user_3,42860,Bangalore,2026-02-23 16:24:28
user_2,13138,Hyderabad,2026-02-23 16:24:30
user_5,17672,Bangalore,2026-02-23 16:24:32
user_4,23641,Bangalore,2026-02-23 16:24:34
user_5,42634,Hyderabad,2026-02-23 16:24:36
user_2,6965,Mumbai,2026-02-23 16:24:38
user_5,1178,Delhi,2026-02-23 16:24:40
user_3,48350,Mumbai,2026-02-23 16:24:42
user_3,37007,Mumbai,2026-02-23 16:24:44
user_1,33005,Hyderabad,2026-02-23 16:24:46
user_2,22020,Bangalore,2026-02-23 16:24:48
user_1,49018,Hyderabad,2026-02-23 16:24:50
user_1,23125,Hyderabad,2026-02-23 16:24:52
user_2,5551,Mumbai,2026-02-23 16:24:54
user_5,39108,Delhi,2026-02-23 16:24:56
user_1,5818,Mumbai,2026-02-23 16:24:58
user_2,27147,Mumbai,2026-02-23 16:25:00
user_3,49424,Bangalore,2026-02-23 16:25:02
user_1,7810,Mumbai,2026-02-23 16:25:04
user_3,46881,Bangalore,2026-02-23 16:25:06
user_3,4153,Delhi,2026-02-23 16:25:08
user_5,45113,Delhi,2026-02-23 16:25:11
user_1,30306,Mumbai,2026-02-23 16:25:13
user_3,45447,Mumbai,2026-02-23 16:25:15
user_2,4362,Mumbai,2026-02-23 16:25:17
user_5,11415,Bangalore,2026-02-23 16:25:19
user_4,3428,Mumbai,2026-02-23 16:25:21
user_1,49666,Delhi,2026-02-23 16:25:23
user_4,42762,Hyderabad,2026-02-23 16:25:25
user_2,23370,Mumbai,2026-02-23 16:25:27
user_2,39336,Delhi,2026-02-23 16:25:29
user_2,48277,Bangalore,2026-02-23 16:25:31
user_4,20466,Hyderabad,2026-02-23 16:25:33
user_5,1310,Bangalore,2026-02-23 16:25:35
user_1,13667,Bangalore,2026-02-23 16:25:37
user_4,413,Hyderabad,2026-02-23 16:25:39
user_1,45350,Hyderabad,2026-02-23 16:25:41
user_2,22087,Delhi,2026-02-23 16:25:43
user_4,7862,Bangalore,2026-02-23 16:25:45
user_2,5060,Bangalore,2026-02-23 16:25:47
user_5,6964,Delhi,2026-02-23 16:25:49
user_1,2988,Hyderabad,2026-02-23 16:25:51
user_2,34196,Hyderabad,2026-02-23 16:25:53
user_3,2089,Mumbai,2026-02-23 16:25:55
user_1,13608,Mumbai,2026-02-23 16:25:57
user_2,24862,Bangalore,2026-02-23 16:25:59
user_4,7039,Delhi,2026-02-23 16:26:01
user_3,16643,Mumbai,2026-02-23 16:26:03
user_5,35215,Bangalore,2026-02-23 16:26:05
user_5,19919,Hyderabad,2026-02-23 16:26:07
user_5,21953,Hyderabad,2026-02-23 16:26:09
user_3,12380,Mumbai,2026-02-23 16:26:11
user_3,22790,Bangalore,2026-02-23 16:26:13
user_3,43048,Mumbai,2026-02-23 16:26:15
user_3,47349,Bangalore,2026-02-23 16:26:17
user_5,13446,Bangalore,2026-02-23 16:26:19
user_5,21306,Bangalore,2026-02-23 16:26:21
user_5,19289,Bangalore,2026-02-23 16:26:23
user_3,22757,Delhi,2026-02-23 16:26:25
user_2,21980,Hyderabad,2026-02-23 16:26:27
user_2,29314,Delhi,2026-02-23 16:26:29
user_4,21152,Bangalore,2026-02-23 16:26:31
user_1,34445,Delhi,2026-02-23 16:26:33
user_3,2741,Bangalore,2026-02-23 16:26:35
user_4,15423,Mumbai,2026-02-23 16:26:38
user_3,12187,Bangalore,2026-02-23 16:26:40
user_3,41149,Delhi,2026-02-23 16:26:42
user_3,41770,Bangalore,2026-02-23 16:26:44
user_5,28562,Delhi,2026-02-23 16:26:46
user_4,26239,Delhi,2026-02-23 16:26:48
user_2,42468,Mumbai,2026-02-23 16:26:50
user_2,16395,Bangalore,2026-02-23 16:26:52
user_5,25179,Bangalore,2026-02-23 16:26:54
user_2,14491,Mumbai,2026-02-23 16:26:56
user_5,32079,Hyderabad,2026-02-23 16:26:58
user_1,15710,Delhi,2026-02-23 16:27:00
user_5,42725,Hyderabad,2026-02-23 16:27:02
user_2,35101,Delhi,2026-02-23 16:27:04
user_3,5509,Hyderabad,2026-02-23 16:27:06
user_3,41022,Mumbai,2026-02-23 16:27:08
user_2,34087,Delhi,2026-02-23 16:27:11
user_1,18813,Mumbai,2026-02-23 16:27:13
user_5,13589,Mumbai,2026-02-23 16:27:15
user_3,21693,Bangalore,2026-02-23 16:27:17
user_4,1572,Bangalore,2026-02-23 16:27:19
user_2,24651,Hyderabad,2026-02-23 16:27:21
user_3,14849,Bangalore,2026-02-23 16:27:23
user_3,33399,Bangalore,2026-02-23 16:27:25
user_3,2064,Mumbai,2026-02-23 16:27:27
user_2,17064,Bangalore,2026-02-23 16:27:29
user_1,49567,Delhi,2026-02-23 16:27:31
user_4,15774,Hyderabad,2026-02-23 16:27:33
user_1,39233,Bangalore,2026-02-23 16:27:35
user_1,39413,Delhi,2026-02-23 16:27:37
user_2,11817,Mumbai,2026-02-23 16:27:39
user_3,38691,Bangalore,2026-02-23 16:27:41
user_3,46030,Delhi,2026-02-23 16:27:44
user_1,5802,Bangalore,2026-02-23 16:27:46
user_5,33618,Hyderabad,2026-02-23 16:27:48
user_1,18388,Mumbai,2026-02-23 16:27:50
user_4,16470,Mumbai,2026-02-23 16:27:52
user_4,20089,Mumbai,2026-02-23 16:27:54
user_4,23082,Hyderabad,2026-02-23 16:27:56
user_2,17100,Delhi,2026-02-23 16:27:58
user_3,43932,Mumbai,2026-02-23 16:28:00
user_1,46794,Delhi,2026-02-23 16:28:02
user_5,22120,Delhi,2026-02-23 16:28:04
user_3,45998,Hyderabad,2026-02-23 16:28:06
user_3,42740,Mumbai,2026-02-23 16:28:08
user_5,9992,Mumbai,2026-02-23 16:28:10
user_2,4697,Bangalore,2026-02-23 16:28:12
user_4,26603,Bangalore,2026-02-23 16:28:14
user_5,14564,Mumbai,2026-02-23 16:28:16
user_2,49201,Delhi,2026-02-23 16:28:19
user_4,32030,Mumbai,2026-02-23 16:28:21
user_3,46739,Hyderabad,2026-02-23 16:28:23
user_5,35554,Delhi,2026-02-23 16:28:25
user_1,43791,Mumbai,2026-02-23 16:28:27
user_2,25064,Mumbai,2026-02-23 16:28:29
user_3,13647,Delhi,2026-02-23 16:28:31
user_3,29898,Hyderabad,2026-02-23 16:28:33
user_5,12914,Mumbai,2026-02-23 16:28:35
user_5,45725,Delhi,2026-02-23 16:28:37
user_4,10064,Delhi,2026-02-23 16:28:39
user_1,28964,Mumbai,2026-02-23 16:28:41
user_3,41658,Mumbai,2026-02-23 16:28:43
user_1,910,Mumbai,2026-02-23 16:28:45
user_4,23083,Hyderabad,2026-02-23 16:28:47
user_2,41476,Mumbai,2026-02-23 16:28:49
user_4,13364,Delhi,2026-02-23 16:28:51
user_3,8628,Bangalore,2026-02-23 16:28:53
user_3,22105,Delhi,2026-02-23 16:28:55
user_5,8717,Mumbai,2026-02-23 16:28:57
user_3,22087,Hyderabad,2026-02-23 16:28:59
user_1,48767,Hyderabad,2026-02-23 16:29:01
user_3,32407,Hyderabad,2026-02-23 16:29:03
user_4,16727,Mumbai,2026-02-23 16:29:05
user_2,25554,Bangalore,2026-02-23 16:29:07
user_2,46163,Delhi,2026-02-23 16:29:09
user_2,46798,Delhi,2026-02-23 16:29:11
user_3,8798,Bangalore,2026-02-23 16:29:13
user_2,37291,Mumbai,2026-02-23 16:29:15
user_2,18406,Mumbai,2026-02-23 16:29:17
user_5,22672,Delhi,2026-02-23 16:29:19
user_1,1472,Hyderabad,2026-02-23 16:29:21
user_4,41764,Mumbai,2026-02-23 16:29:24
user_3,42165,Hyderabad,2026-02-23 16:29:26
user_4,44767,Mumbai,2026-02-23 16:29:28
user_4,17994,Delhi,2026-02-23 16:29:30
user_1,31217,Bangalore,2026-02-23 16:29:32
user_4,17294,Bangalore,2026-02-23 16:29:34
user_1,8957,Delhi,2026-02-23 16:29:36
user_3,33712,Hyderabad,2026-02-23 16:29:38
user_4,9935,Mumbai,2026-02-23 16:29:40
user_5,41208,Bangalore,2026-02-23 16:29:42
user_2,48154,Hyderabad,2026-02-23 16:29:44
user_5,25561,Hyderabad,2026-02-23 16:29:46
user_5,46423,Delhi,2026-02-23 16:29:48
user_2,26147,Bangalore,2026-02-23 16:29:50
user_1,32639,Bangalore,2026-02-23 16:29:52
user_2,6143,Delhi,2026-02-23 16:29:54
user_5,10207,Bangalore,2026-02-23 16:29:56
user_3,49774,Bangalore,2026-02-23 16:29:58
user_2,46057,Bangalore,2026-02-23 16:30:00
user_2,24815,Delhi,2026-02-23 16:30:02
user_4,49447,Mumbai,2026-02-23 16:30:04
user_4,33009,Mumbai,2026-02-23 16:30:06
user_1,5711,Hyderabad,2026-02-23 16:30:08
user_2,17364,Mumbai,2026-02-23 16:30:11
user_1,40286,Delhi,2026-02-23 16:30:13
user_5,19908,Hyderabad,2026-02-23 16:30:15
user_2,39049,Mumbai,2026-02-23 16:30:17
user_3,41737,Mumbai,2026-02-23 16:30:19
user_2,47671,Delhi,2026-02-23 16:30:21
user_5,34098,Mumbai,2026-02-23 16:30:23
user_3,23700,Hyderabad,2026-02-23 16:30:25
user_5,46554,Delhi,2026-02-23 16:30:27
user_1,40364,Bangalore,2026-02-23 16:30:29
user_5,39110,Bangalore,2026-02-23 16:30:31
user_3,24280,Hyderabad,2026-02-23 16:30:33
user_3,19436,Mumbai,2026-02-23 16:30:35
user_2,24944,Delhi,2026-02-23 16:30:37
user_4,13079,Hyderabad,2026-02-23 16:30:39
user_2,9602,Bangalore,2026-02-23 16:30:41
user_4,12611,Hyderabad,2026-02-23 16:30:43
user_3,25076,Bangalore,2026-02-23 16:30:45
user_2,39071,Bangalore,2026-02-23 16:30:47
user_5,48644,Delhi,2026-02-23 16:30:49
user_3,12362,Delhi,2026-02-23 16:30:51
user_5,9636,Delhi,2026-02-23 16:30:53
user_1,21938,Delhi,2026-02-23 16:30:55
user_4,43638,Mumbai,2026-02-23 16:30:57
user_5,3952,Hyderabad,2026-02-23 16:30:59
user_4,26747,Mumbai,2026-02-23 16:31:01
user_3,15774,Hyderabad,2026-02-23 16:31:03
user_1,31036,Mumbai,2026-02-23 16:31:05
user_5,42318,Mumbai,2026-02-23 16:31:07
user_2,33067,Hyderabad,2026-02-23 16:31:09
user_5,33339,Mumbai,2026-02-23 16:31:11
user_2,11256,Bangalore,2026-02-23 16:31:13
user_4,33643,Hyderabad,2026-02-23 16:31:15
user_5,47602,Mumbai,2026-02-23 16:31:17
user_1,4939,Bangalore,2026-02-23 16:31:19
user_3,1378,Delhi,2026-02-23 16:31:21
user_4,8703,Bangalore,2026-02-23 16:31:23
user_2,23735,Hyderabad,2026-02-23 16:31:25
user_4,30878,Bangalore,2026-02-23 16:31:27
user_2,39665,Bangalore,2026-02-23 16:31:29
user_4,49758,Mumbai,2026-02-23 16:31:31
user_5,22450,Bangalore,2026-02-23 16:31:33
user_2,26517,Mumbai,2026-02-23 16:31:35
user_1,4167,Delhi,2026-02-23 16:31:37
user_5,18984,Bangalore,2026-02-23 16:31:40
user_2,49850,Bangalore,2026-02-23 16:31:42
user_2,47331,Bangalore,2026-02-23 16:31:44
user_3,49173,Bangalore,2026-02-23 16:31:46
user_4,36884,Mumbai,2026-02-23 16:31:48
user_3,19194,Bangalore,2026-02-23 16:31:50
user_4,15617,Hyderabad,2026-02-23 16:31:52
user_2,6257,Bangalore,2026-02-23 16:31:54
user_3,14706,Bangalore,2026-02-23 16:31:56
user_1,19699,Delhi,2026-02-23 16:31:58
user_5,10903,Delhi,2026-02-23 16:32:00
user_2,49100,Hyderabad,2026-02-23 16:32:02
user_2,19262,Mumbai,2026-02-23 16:32:04
user_2,17578,Hyderabad,2026-02-23 16:32:06
user_1,8065,Hyderabad,2026-02-23 16:32:08
user_3,13686,Bangalore,2026-02-23 16:32:10
user_2,42570,Hyderabad,2026-02-23 16:32:12
user_4,44581,Mumbai,2026-02-23 16:32:14
user_4,1281,Mumbai,2026-02-23 16:32:16
user_5,36001,Mumbai,2026-02-23 16:32:18
user_3,47670,Delhi,2026-02-23 16:32:20
user_3,49119,Delhi,2026-02-23 16:32:22
user_3,8265,Mumbai,2026-02-23 16:32:24
user_3,5606,Delhi,2026-02-23 16:32:26
user_3,7404,Hyderabad,2026-02-23 16:32:28
user_3,27716,Delhi,2026-02-23 16:32:31
user_1,14624,Bangalore,2026-02-23 16:32:33
user_5,23519,Mumbai,2026-02-23 16:32:35
user_5,43641,Mumbai,2026-02-23 16:32:37
user_2,36955,Bangalore,2026-02-23 16:32:39
user_2,10960,Delhi,2026-02-23 16:32:41
user_3,4723,Hyderabad,2026-02-23 16:32:43
user_3,36114,Mumbai,2026-02-23 16:32:45
user_1,43560,Hyderabad,2026-02-23 16:32:47
user_2,2800,Mumbai,2026-02-23 16:32:49
user_5,37213,Mumbai,2026-02-23 16:32:51
user_4,30609,Mumbai,2026-02-23 16:32:53
user_2,3090,Delhi,2026-02-23 16:32:55
user_2,36606,Delhi,2026-02-23 16:32:57
user_1,7767,Mumbai,2026-02-23 16:32:59
user_2,48437,Mumbai,2026-02-23 16:33:01
user_3,1242,Mumbai,2026-02-23 16:33:03
user_2,42005,Bangalore,2026-02-23 16:33:05
user_3,10114,Delhi,2026-02-23 16:33:07
user_1,4072,Mumbai,2026-02-23 16:33:09
user_5,29162,Hyderabad,2026-02-23 16:33:11
user_4,6083,Mumbai,2026-02-23 16:33:13
user_1,10849,Delhi,2026-02-23 16:33:15
user_2,3885,Mumbai,2026-02-23 16:33:17
user_1,2924,Hyderabad,2026-02-23 16:33:19
user_4,27785,Delhi,2026-02-23 16:33:21
user_3,37066,Delhi,2026-02-23 16:33:23
user_3,5369,Bangalore,2026-02-23 16:33:25
user_4,20999,Hyderabad,2026-02-23 16:33:27
user_2,42836,Bangalore,2026-02-23 16:33:29
user_3,14907,Delhi,2026-02-23 16:33:32
user_5,2393,Delhi,2026-02-23 16:33:34
user_2,13516,Mumbai,2026-02-23 16:33:36
user_5,5198,Delhi,2026-02-23 16:33:38
user_4,31646,Delhi,2026-02-23 16:33:40
user_1,35529,Delhi,2026-02-23 16:33:42
user_1,10555,Delhi,2026-02-23 16:33:44
user_4,25362,Hyderabad,2026-02-23 16:33:46
user_1,43935,Mumbai,2026-02-23 16:33:48
user_5,48432,Delhi,2026-02-23 16:33:50
user_2,25754,Delhi,2026-02-23 16:33:52
user_2,47156,Mumbai,2026-02-23 16:33:54
user_2,46182,Delhi,2026-02-23 16:33:56
user_3,19049,Mumbai,2026-02-23 16:33:58
user_5,14666,Hyderabad,2026-02-23 16:34:00
user_5,7037,Mumbai,2026-02-23 16:34:02
user_2,45444,Bangalore,2026-02-23 16:34:04
user_5,6358,Bangalore,2026-02-23 16:34:06
user_4,22802,Bangalore,2026-02-23 16:34:08
user_4,24738,Bangalore,2026-02-23 16:34:10
user_3,1299,Hyderabad,2026-02-23 16:34:12
user_1,2278,Bangalore,2026-02-23 16:34:14
user_5,11895,Delhi,2026-02-23 16:34:16
user_5,33594,Delhi,2026-02-23 16:34:18
user_2,9389,Bangalore,2026-02-23 16:34:20
user_2,42303,Delhi,2026-02-23 16:34:22
user_5,26593,Mumbai,2026-02-23 16:34:24
user_4,44692,Mumbai,2026-02-23 16:34:26
user_4,44465,Delhi,2026-02-23 16:34:28
user_2,22523,Hyderabad,2026-02-23 16:34:30
user_5,14407,Mumbai,2026-02-23 16:34:32
user_3,35398,Hyderabad,2026-02-23 16:34:34
user_4,37840,Delhi,2026-02-23 16:34:36
user_1,31983,Hyderabad,2026-02-23 16:34:38
user_1,10671,Bangalore,2026-02-23 16:34:40
user_5,22334,Delhi,2026-02-23 16:34:42
user_1,47851,Delhi,2026-02-23 16:34:44
user_1,46412,Mumbai,2026-02-23 16:34:46
user_4,18544,Mumbai,2026-02-23 16:34:48
user_3,48321,Delhi,2026-02-23 16:34:50
user_4,7723,Hyderabad,2026-02-23 16:34:52
user_3,7809,Mumbai,2026-02-23 16:34:55
user_3,17257,Delhi,2026-02-23 16:34:57
user_4,26344,Hyderabad,2026-02-23 16:34:59
user_5,8646,Delhi,2026-02-23 16:35:01
user_2,44508,Mumbai,2026-02-23 16:35:03
user_5,26406,Hyderabad,2026-02-23 16:35:05
user_2,1532,Hyderabad,2026-02-23 16:35:07
user_4,41710,Mumbai,2026-02-23 16:35:09
user_4,6407,Bangalore,2026-02-23 16:35:11
user_2,7380,Hyderabad,2026-02-23 16:35:13
user_3,47925,Delhi,2026-02-23 16:35:15
user_5,21864,Delhi,2026-02-23 16:35:17
user_2,14659,Delhi,2026-02-23 16:35:19
user_1,3000,Hyderabad,2026-02-23 16:35:21
user_1,10681,Hyderabad,2026-02-23 16:35:23
user_3,44152,Mumbai,2026-02-23 16:35:25
user_1,39759,Mumbai,2026-02-23 16:35:27
user_5,37335,Mumbai,2026-02-23 16:35:29
user_4,17692,Bangalore,2026-02-23 16:35:32
user_1,1502,Hyderabad,2026-02-23 16:35:34
user_4,43863,Delhi,2026-02-23 16:35:36
user_1,25874,Hyderabad,2026-02-23 16:35:38
user_2,26437,Bangalore,2026-02-23 16:35:40
user_5,17997,Mumbai,2026-02-23 16:35:42
user_5,10890,Bangalore,2026-02-23 16:35:44
user_1,20636,Hyderabad,2026-02-23 16:35:46
user_2,27296,Bangalore,2026-02-23 16:35:48
user_1,46213,Bangalore,2026-02-23 16:35:50
user_1,21935,Delhi,2026-02-23 16:35:52
user_3,49619,Bangalore,2026-02-23 16:35:54
user_5,27535,Mumbai,2026-02-23 16:35:56
user_3,42863,Hyderabad,2026-02-23 16:35:58
user_5,20160,Bangalore,2026-02-23 16:36:00
user_5,31243,Delhi,2026-02-23 16:36:02
user_3,27332,Bangalore,2026-02-23 16:36:04
user_5,7638,Hyderabad,2026-02-23 16:36:06
user_4,35625,Bangalore,2026-02-23 16:36:08
user_2,23224,Mumbai,2026-02-23 16:36:10
user_2,17900,Delhi,2026-02-23 16:36:12
user_4,33786,Delhi,2026-02-23 16:36:14
user_1,6231,Bangalore,2026-02-23 16:36:16
user_5,17166,Bangalore,2026-02-23 16:36:18
user_3,41515,Bangalore,2026-02-23 16:36:20
user_5,16608,Bangalore,2026-02-23 16:36:22
user_4,47696,Delhi,2026-02-23 16:36:24
user_4,37510,Hyderabad,2026-02-23 16:36:27
user_4,22303,Hyderabad,2026-02-23 16:36:29
user_1,34584,Mumbai,2026-02-23 16:36:31
user_4,34157,Delhi,2026-02-23 16:36:33
user_5,23905,Mumbai,2026-02-23 16:36:35
user_1,526,Delhi,2026-02-23 16:36:37
user_5,15987,Bangalore,2026-02-23 16:36:39
user_4,30973,Delhi,2026-02-23 16:36:41
user_2,27945,Hyderabad,2026-02-23 16:36:43
user_5,4163,Delhi,2026-02-23 16:36:45
user_2,33041,Bangalore,2026-02-23 16:36:47
user_1,1379,Delhi,2026-02-23 16:36:49
user_5,552,Delhi,2026-02-23 16:36:51
user_1,17733,Mumbai,2026-02-23 16:36:53
user_4,26894,Mumbai,2026-02-23 16:36:55
user_1,928,Delhi,2026-02-23 16:36:57
user_5,13680,Mumbai,2026-02-23 16:36:59
user_4,32039,Hyderabad,2026-02-23 16:37:01
user_4,14032,Bangalore,2026-02-23 16:37:03
user_3,20009,Mumbai,2026-02-23 16:37:05
user_3,42476,Delhi,2026-02-23 16:37:07
user_5,26100,Mumbai,2026-02-23 16:37:09
user_4,542,Delhi,2026-02-23 16:37:11
user_3,15296,Mumbai,2026-02-23 16:37:13
user_3,13636,Hyderabad,2026-02-23 16:37:15
user_1,18810,Bangalore,2026-02-23 16:37:17
user_1,33187,Bangalore,2026-02-23 16:37:19
user_5,32476,Mumbai,2026-02-23 16:37:21
user_4,36034,Hyderabad,2026-02-23 16:37:23
user_2,556,Delhi,2026-02-23 16:37:25
user_2,9983,Delhi,2026-02-23 16:37:27
user_1,39190,Bangalore,2026-02-23 16:37:29
user_2,42914,Delhi,2026-02-23 16:37:31
user_1,48161,Mumbai,2026-02-23 16:37:34
user_1,13491,Bangalore,2026-02-23 16:37:36
user_1,1206,Bangalore,2026-02-23 16:37:38
user_1,19254,Hyderabad,2026-02-23 16:37:40
user_4,4022,Bangalore,2026-02-23 16:37:42
user_1,24164,Hyderabad,2026-02-23 16:37:44
user_5,4849,Delhi,2026-02-23 16:37:46
user_1,39193,Bangalore,2026-02-23 16:37:48
user_2,28346,Delhi,2026-02-23 16:37:50
user_1,16491,Bangalore,2026-02-23 16:37:52
user_1,34161,Bangalore,2026-02-23 16:37:54
user_1,38149,Mumbai,2026-02-23 16:37:56
user_3,41731,Bangalore,2026-02-23 16:37:58
user_3,36809,Bangalore,2026-02-23 16:38:00
user_5,1512,Delhi,2026-02-23 16:38:02
user_1,41924,Delhi,2026-02-23 16:38:04
user_5,6109,Bangalore,2026-02-23 16:38:06
user_2,30117,Hyderabad,2026-02-23 16:38:08
user_5,18163,Bangalore,2026-02-23 16:38:10
user_3,3167,Bangalore,2026-02-23 16:38:12
user_1,20345,Mumbai,2026-02-23 16:38:14
user_4,25451,Delhi,2026-02-23 16:38:16
user_4,25378,Delhi,2026-02-23 16:38:18
user_5,43857,Bangalore,2026-02-23 16:38:20
user_1,9823,Bangalore,2026-02-23 16:38:22
user_2,48020,Delhi,2026-02-23 16:38:24
user_1,23393,Hyderabad,2026-02-23 16:38:26
user_2,16825,Delhi,2026-02-23 16:38:28
user_5,47533,Bangalore,2026-02-23 16:38:30
user_3,34743,Bangalore,2026-02-23 16:38:32
user_2,31648,Bangalore,2026-02-23 16:38:34
user_4,42394,Delhi,2026-02-23 16:38:36
user_4,47474,Mumbai,2026-02-23 16:38:38
user_1,16312,Bangalore,2026-02-23 16:38:40
user_5,46046,Mumbai,2026-02-23 16:38:42
user_4,6469,Mumbai,2026-02-23 16:38:44
user_3,37754,Hyderabad,2026-02-23 16:38:46
user_2,11452,Mumbai,2026-02-23 16:38:48
user_2,15003,Delhi,2026-02-23 16:38:50
user_1,6442,Delhi,2026-02-23 16:38:52
user_3,29794,Hyderabad,2026-02-23 16:38:54
user_1,35054,Mumbai,2026-02-23 16:38:56
user_2,34873,Bangalore,2026-02-23 16:38:59
user_1,44105,Hyderabad,2026-02-23 16:39:01
user_4,12518,Delhi,2026-02-23 16:39:03
user_2,49494,Bangalore,2026-02-23 16:39:05
user_3,46294,Delhi,2026-02-23 16:39:07
user_3,1873,Mumbai,2026-02-23 16:39:09
user_5,9851,Hyderabad,2026-02-23 16:39:11
user_2,30101,Delhi,2026-02-23 16:39:13
user_1,24037,Hyderabad,2026-02-23 16:39:15
user_5,15894,Mumbai,2026-02-23 16:39:17
user_2,5920,Delhi,2026-02-23 16:39:19
user_2,40218,Bangalore,2026-02-23 16:39:21
user_4,20183,Hyderabad,2026-02-23 16:39:23
user_3,16427,Bangalore,2026-02-23 16:39:25
user_5,1556,Mumbai,2026-02-23 16:39:27
user_2,35825,Hyderabad,2026-02-23 16:39:29
user_2,5771,Delhi,2026-02-23 16:39:31
user_5,10315,Hyderabad,2026-02-23 16:39:33
user_3,37523,Bangalore,2026-02-23 16:39:35
user_3,43932,Hyderabad,2026-02-23 16:39:37
user_5,28285,Bangalore,2026-02-23 16:39:39
user_5,40199,Hyderabad,2026-02-23 16:39:41
user_4,49910,Delhi,2026-02-23 16:39:43
user_5,44608,Bangalore,2026-02-23 16:39:45
user_4,38352,Hyderabad,2026-02-23 16:39:47
user_4,9386,Delhi,2026-02-23 16:39:49
user_5,49526,Hyderabad,2026-02-23 16:39:51
user_1,14932,Hyderabad,2026-02-23 16:39:53
user_4,41218,Delhi,2026-02-23 16:39:55
user_4,34779,Hyderabad,2026-02-23 16:39:57
user_4,16066,Delhi,2026-02-23 16:39:59
user_5,28489,Mumbai,2026-02-23 16:40:01
user_3,44723,Hyderabad,2026-02-23 16:40:03
user_2,35300,Delhi,2026-02-23 16:40:05
user_2,33986,Bangalore,2026-02-23 16:40:07
user_1,20425,Mumbai,2026-02-23 16:40:09
user_4,42899,Hyderabad,2026-02-23 16:40:11
user_5,47512,Mumbai,2026-02-23 16:40:13
user_1,822,Hyderabad,2026-02-23 16:40:15
user_5,6835,Mumbai,2026-02-23 16:40:17
user_3,2802,Mumbai,2026-02-23 16:40:19
user_3,40864,Mumbai,2026-02-23 16:40:21
user_3,6013,Bangalore,2026-02-23 16:40:23
user_5,35082,Delhi,2026-02-23 16:40:25
user_3,20984,Bangalore,2026-02-23 16:40:27
user_1,5375,Hyderabad,2026-02-23 16:40:29
user_5,23647,Hyderabad,2026-02-23 16:40:32
user_2,26026,Bangalore,2026-02-23 16:40:34
user_1,4677,Bangalore,2026-02-23 16:40:36
user_3,39317,Hyderabad,2026-02-23 16:40:38
user_1,9421,Delhi,2026-02-23 16:40:40
user_5,19613,Bangalore,2026-02-23 16:40:42
user_2,10985,Bangalore,2026-02-23 16:40:44
user_5,39782,Delhi,2026-02-23 16:40:46
user_1,42305,Hyderabad,2026-02-23 16:40:48
user_4,37854,Delhi,2026-02-23 16:40:50
user_5,36414,Delhi,2026-02-23 16:40:52
user_3,10649,Hyderabad,2026-02-23 16:40:54
user_5,33821,Delhi,2026-02-23 16:40:56
user_3,357,Mumbai,2026-02-23 16:40:58
user_3,7388,Hyderabad,2026-02-23 16:41:00
user_4,5922,Delhi,2026-02-23 16:41:02
user_5,29078,Bangalore,2026-02-23 16:41:04
user_3,44809,Mumbai,2026-02-23 16:41:06
user_2,25405,Mumbai,2026-02-23 16:41:08
user_5,18257,Delhi,2026-02-23 16:41:10
user_4,24642,Mumbai,2026-02-23 16:41:12
user_4,48141,Delhi,2026-02-23 16:41:14
user_5,33617,Delhi,2026-02-23 16:41:16
user_4,16180,Delhi,2026-02-23 16:41:18
user_1,41978,Hyderabad,2026-02-23 16:41:20
user_4,808,Delhi,2026-02-23 16:41:22
user_3,42637,Delhi,2026-02-23 16:41:24
user_4,21450,Hyderabad,2026-02-23 16:41:26
user_4,39234,Bangalore,2026-02-23 16:41:28
user_1,41929,Bangalore,2026-02-23 16:41:30
user_3,46469,Delhi,2026-02-23 16:41:33
user_1,23545,Hyderabad,2026-02-23 16:41:35
user_3,5025,Bangalore,2026-02-23 16:41:37
user_2,16233,Bangalore,2026-02-23 16:41:39
user_2,22474,Delhi,2026-02-23 16:41:41
user_2,7305,Mumbai,2026-02-23 16:41:43
user_2,3800,Mumbai,2026-02-23 16:41:45
user_3,12530,Hyderabad,2026-02-23 16:41:47
user_3,46787,Delhi,2026-02-23 16:41:49
user_4,48748,Bangalore,2026-02-23 16:41:51
user_5,16506,Mumbai,2026-02-23 16:41:53
user_4,22715,Delhi,2026-02-23 16:41:55
user_5,29898,Hyderabad,2026-02-23 16:41:57
user_4,12254,Mumbai,2026-02-23 16:41:59
user_4,7281,Delhi,2026-02-23 16:42:01
user_3,20472,Mumbai,2026-02-23 16:42:03
user_1,10099,Bangalore,2026-02-23 16:42:05
user_3,39609,Bangalore,2026-02-23 16:42:07
user_4,17293,Bangalore,2026-02-23 16:42:09
user_2,5020,Bangalore,2026-02-23 16:42:11
user_4,22574,Delhi,2026-02-23 16:42:13
user_4,30490,Hyderabad,2026-02-23 16:42:15
user_4,32694,Delhi,2026-02-23 16:42:17
user_4,37821,Hyderabad,2026-02-23 16:42:19
user_1,16183,Bangalore,2026-02-23 16:42:21
user_5,35343,Hyderabad,2026-02-23 16:42:23
user_4,33889,Hyderabad,2026-02-23 16:42:25
user_5,45353,Hyderabad,2026-02-23 16:42:27
user_4,49191,Bangalore,2026-02-23 16:42:29
user_1,22633,Bangalore,2026-02-23 16:42:31
user_2,38317,Delhi,2026-02-23 16:42:33
user_2,22521,Bangalore,2026-02-23 16:42:35
user_2,2833,Hyderabad,2026-02-23 16:42:37
user_2,32014,Hyderabad,2026-02-23 16:42:39
user_5,27522,Bangalore,2026-02-23 16:42:41
user_4,28081,Bangalore,2026-02-23 16:42:43
user_1,13620,Delhi,2026-02-23 16:42:45
user_1,22076,Hyderabad,2026-02-23 16:42:47
user_4,38600,Delhi,2026-02-23 16:42:49
user_5,44497,Hyderabad,2026-02-23 16:42:51
user_4,34669,Delhi,2026-02-23 16:42:53
user_4,34623,Hyderabad,2026-02-23 16:42:55
user_2,9384,Mumbai,2026-02-23 16:42:57
user_5,640,Bangalore,2026-02-23 16:43:00
user_1,31741,Hyderabad,2026-02-23 16:43:02
user_1,45581,Mumbai,2026-02-23 16:43:04
user_3,40437,Bangalore,2026-02-23 16:43:06
user_3,44252,Mumbai,2026-02-23 16:43:08
user_1,31805,Bangalore,2026-02-23 16:43:10
user_5,37370,Hyderabad,2026-02-23 16:43:12
user_3,37441,Hyderabad,2026-02-23 16:43:14
user_1,13568,Delhi,2026-02-23 16:43:16
user_1,42622,Delhi,2026-02-23 16:43:18
user_2,48542,Delhi,2026-02-23 16:43:20
user_1,48836,Hyderabad,2026-02-23 16:43:22
user_1,11809,Mumbai,2026-02-23 16:43:24
user_3,23877,Hyderabad,2026-02-23 16:43:26
user_2,34856,Mumbai,2026-02-23 16:43:28
user_4,43517,Mumbai,2026-02-23 16:43:30
user_4,34071,Delhi,2026-02-23 16:43:32
user_1,6879,Bangalore,2026-02-23 16:43:34
user_2,42681,Mumbai,2026-02-23 16:43:36
user_3,26691,Hyderabad,2026-02-23 16:43:38
user_1,15402,Bangalore,2026-02-23 16:43:40
user_4,39428,Mumbai,2026-02-23 16:43:42
user_5,5106,Bangalore,2026-02-23 16:43:44
user_2,38962,Hyderabad,2026-02-23 16:43:46
user_4,5037,Hyderabad,2026-02-23 16:43:48
user_3,12409,Bangalore,2026-02-23 16:43:50
user_4,8924,Mumbai,2026-02-23 16:43:52
user_1,9442,Hyderabad,2026-02-23 16:43:55
user_3,4719,Mumbai,2026-02-23 16:43:57
user_4,25297,Hyderabad,2026-02-23 16:43:59
user_2,44134,Bangalore,2026-02-23 16:44:01
user_5,47243,Bangalore,2026-02-23 16:44:03
user_4,17837,Bangalore,2026-02-23 16:44:05
user_5,44008,Mumbai,2026-02-23 16:44:07
user_2,20377,Bangalore,2026-02-23 16:44:09
user_3,49717,Bangalore,2026-02-23 16:44:11
user_1,18263,Bangalore,2026-02-23 16:44:13
user_4,35861,Mumbai,2026-02-23 16:44:15
user_5,41533,Delhi,2026-02-23 16:44:17
user_1,35926,Hyderabad,2026-02-23 16:44:19
user_1,14873,Hyderabad,2026-02-23 16:44:21
user_1,45232,Delhi,2026-02-23 16:44:23
user_4,31820,Delhi,2026-02-23 16:44:25
user_1,49271,Delhi,2026-02-23 16:44:27
user_4,35363,Hyderabad,2026-02-23 16:44:29
user_4,10328,Bangalore,2026-02-23 16:44:31
user_3,25750,Hyderabad,2026-02-23 16:44:33
user_3,35807,Bangalore,2026-02-23 16:44:35
user_5,22282,Bangalore,2026-02-23 16:44:37
user_1,7547,Delhi,2026-02-23 16:44:39
user_3,30980,Bangalore,2026-02-23 16:44:41
user_4,49250,Mumbai,2026-02-23 16:44:43
user_4,9952,Bangalore,2026-02-23 16:44:45
user_1,26515,Bangalore,2026-02-23 16:44:47
user_5,37779,Delhi,2026-02-23 16:44:49
user_5,369,Hyderabad,2026-02-23 16:44:51
user_4,6231,Delhi,2026-02-23 16:44:53
user_5,34436,Mumbai,2026-02-23 16:44:55
user_3,19336,Bangalore,2026-02-23 16:44:57
user_5,44441,Mumbai,2026-02-23 16:44:59
user_1,10545,Bangalore,2026-02-23 16:45:01
user_4,5004,Mumbai,2026-02-23 16:45:03
user_5,4776,Delhi,2026-02-23 16:45:06
user_1,15162,Bangalore,2026-02-23 16:45:08
user_1,8269,Mumbai,2026-02-23 16:45:10
user_3,44395,Bangalore,2026-02-23 16:45:12
user_1,49727,Mumbai,2026-02-23 16:45:14
user_4,4955,Mumbai,2026-02-23 16:45:16
user_1,7263,Delhi,2026-02-23 16:45:18
user_3,38790,Hyderabad,2026-02-23 16:45:20
user_1,45959,Bangalore,2026-02-23 16:45:22
user_5,14731,Delhi,2026-02-23 16:45:24
user_4,18531,Mumbai,2026-02-23 16:45:26
user_5,28039,Hyderabad,2026-02-23 16:45:28
user_3,3600,Mumbai,2026-02-23 16:45:30
user_2,2436,Hyderabad,2026-02-23 16:45:32
user_5,3105,Hyderabad,2026-02-23 16:45:34
user_3,9403,Delhi,2026-02-23 16:45:36
user_2,18233,Hyderabad,2026-02-23 16:45:38
user_5,48927,Hyderabad,2026-02-23 16:45:40
user_1,19273,Mumbai,2026-02-23 16:45:42
user_1,24283,Mumbai,2026-02-23 16:45:44
user_3,26925,Bangalore,2026-02-23 16:45:46
user_5,9185,Bangalore,2026-02-23 16:45:48
user_5,41919,Hyderabad,2026-02-23 16:45:50
user_1,36091,Hyderabad,2026-02-23 16:45:52
user_1,15262,Hyderabad,2026-02-23 16:45:54
user_1,39538,Bangalore,2026-02-23 16:45:56
user_4,16715,Hyderabad,2026-02-23 16:45:58
user_5,12101,Mumbai,2026-02-23 16:46:00
user_4,14097,Mumbai,2026-02-23 16:46:02
user_2,2126,Mumbai,2026-02-23 16:46:04
user_5,21515,Bangalore,2026-02-23 16:46:06
user_2,37269,Bangalore,2026-02-23 16:46:08
user_5,12494,Hyderabad,2026-02-23 16:46:10
user_4,6057,Delhi,2026-02-23 16:46:12
user_2,22896,Delhi,2026-02-23 16:46:14
user_4,30190,Bangalore,2026-02-23 16:46:16
user_1,28740,Mumbai,2026-02-23 16:46:18
user_2,8686,Delhi,2026-02-23 16:46:20
user_5,39872,Delhi,2026-02-23 16:46:22
user_1,29732,Hyderabad,2026-02-23 16:46:24
user_3,47292,Mumbai,2026-02-23 16:46:26
user_3,29729,Delhi,2026-02-23 16:46:28
user_5,10566,Bangalore,2026-02-23 16:46:31
user_5,28935,Hyderabad,2026-02-23 16:46:33
user_4,37828,Delhi,2026-02-23 16:46:35
user_4,42249,Hyderabad,2026-02-23 16:46:37
user_5,28554,Delhi,2026-02-23 16:46:39
user_2,14853,Mumbai,2026-02-23 16:46:41
user_2,47136,Hyderabad,2026-02-23 16:46:43
user_3,18934,Mumbai,2026-02-23 16:46:45
user_4,48560,Bangalore,2026-02-23 16:46:47
user_4,34434,Mumbai,2026-02-23 16:46:49
user_2,41809,Hyderabad,2026-02-23 16:46:51
user_3,32327,Bangalore,2026-02-23 16:46:53
user_5,18719,Bangalore,2026-02-23 16:46:55
user_5,10011,Mumbai,2026-02-23 16:46:57
user_4,13662,Bangalore,2026-02-23 16:46:59
user_2,25721,Bangalore,2026-02-23 16:47:01
user_2,11162,Bangalore,2026-02-23 16:47:03
user_1,22290,Mumbai,2026-02-23 16:47:05
user_4,750,Bangalore,2026-02-23 16:47:07
user_2,9286,Hyderabad,2026-02-23 16:47:09
user_3,40281,Hyderabad,2026-02-23 16:47:11
user_5,17836,Mumbai,2026-02-23 16:47:13
user_2,24746,Mumbai,2026-02-23 16:47:15
user_1,47620,Bangalore,2026-02-23 16:47:17
user_1,26581,Bangalore,2026-02-23 16:47:19
user_5,28038,Bangalore,2026-02-23 16:47:21
user_4,35490,Hyderabad,2026-02-23 16:47:23
user_2,33760,Hyderabad,2026-02-23 16:47:25
user_3,18234,Hyderabad,2026-02-23 16:47:27
user_5,21833,Hyderabad,2026-02-23 16:47:29
user_4,9933,Bangalore,2026-02-23 16:47:31
user_4,11132,Delhi,2026-02-23 16:47:33
user_5,20203,Bangalore,2026-02-23 16:47:35
user_4,22229,Hyderabad,2026-02-23 16:47:37
user_4,31858,Mumbai,2026-02-23 16:47:39
user_5,9938,Delhi,2026-02-23 16:47:41
user_2,38742,Delhi,2026-02-23 16:47:43
user_4,34783,Bangalore,2026-02-23 16:47:45
user_1,23778,Mumbai,2026-02-23 16:47:47
user_2,2184,Mumbai,2026-02-23 16:47:49
user_2,37658,Delhi,2026-02-23 16:47:51
user_4,15489,Bangalore,2026-02-23 16:47:53
user_2,24876,Hyderabad,2026-02-23 16:47:55
user_2,10706,Delhi,2026-02-23 16:47:57
user_5,12622,Hyderabad,2026-02-23 16:47:59
user_3,5396,Mumbai,2026-02-23 16:48:01
user_5,4689,Bangalore,2026-02-23 16:48:03
user_5,35985,Delhi,2026-02-23 16:48:05
user_5,31571,Hyderabad,2026-02-23 16:48:07
user_4,43170,Mumbai,2026-02-23 16:48:10
user_5,3894,Bangalore,2026-02-23 16:48:12
user_5,47078,Delhi,2026-02-23 16:48:14
user_1,35772,Hyderabad,2026-02-23 16:48:16
user_4,45285,Bangalore,2026-02-23 16:48:18
user_4,22744,Mumbai,2026-02-23 16:48:20
user_1,12181,Bangalore,2026-02-23 16:48:22
user_4,24895,Mumbai,2026-02-23 16:48:24
user_3,12797,Delhi,2026-02-23 16:48:26
user_1,31107,Bangalore,2026-02-23 16:48:28
user_1,13548,Mumbai,2026-02-23 16:48:30
user_4,5362,Delhi,2026-02-23 16:48:32
user_1,23235,Bangalore,2026-02-23 16:48:34
user_2,41444,Hyderabad,2026-02-23 16:48:36
user_2,22124,Hyderabad,2026-02-23 16:48:38
user_1,39409,Hyderabad,2026-02-23 16:48:40
user_1,19243,Bangalore,2026-02-23 16:48:42
user_3,8142,Bangalore,2026-02-23 16:48:44
user_5,48176,Delhi,2026-02-23 16:48:46
user_1,17665,Hyderabad,2026-02-23 16:48:48
user_1,10712,Delhi,2026-02-23 16:48:50
user_3,49350,Hyderabad,2026-02-23 16:48:52
user_1,29051,Mumbai,2026-02-23 16:48:55
user_1,44402,Bangalore,2026-02-23 16:48:57
user_5,22206,Delhi,2026-02-23 16:48:59
user_1,9431,Bangalore,2026-02-23 16:49:01
user_5,9151,Bangalore,2026-02-23 16:49:03
user_2,3427,Delhi,2026-02-23 16:49:05
user_3,49364,Bangalore,2026-02-23 16:49:07
user_4,31123,Delhi,2026-02-23 16:49:09
user_5,20317,Delhi,2026-02-23 16:49:11
user_4,34748,Bangalore,2026-02-23 16:49:13
user_5,26525,Mumbai,2026-02-23 16:49:15
user_1,30984,Bangalore,2026-02-23 16:49:17
user_4,21204,Mumbai,2026-02-23 16:49:19
user_3,40454,Mumbai,2026-02-23 16:49:21
user_5,28116,Bangalore,2026-02-23 16:49:23
user_2,46228,Bangalore,2026-02-23 16:49:25
user_2,45084,Delhi,2026-02-23 16:49:27
user_5,21495,Mumbai,2026-02-23 16:49:29
user_1,41609,Hyderabad,2026-02-23 16:49:31
user_4,9254,Hyderabad,2026-02-23 16:49:33
user_4,34771,Delhi,2026-02-23 16:49:35
user_5,36525,Bangalore,2026-02-23 16:49:37
user_4,20758,Bangalore,2026-02-23 16:49:39
user_5,44837,Bangalore,2026-02-23 16:49:41
user_1,42755,Delhi,2026-02-23 16:49:43
user_2,5079,Mumbai,2026-02-23 16:49:45
user_3,5880,Hyderabad,2026-02-23 16:49:47
user_2,1857,Bangalore,2026-02-23 16:49:49
user_5,35778,Bangalore,2026-02-23 16:49:51
user_2,32784,Bangalore,2026-02-23 16:49:53
user_5,38046,Mumbai,2026-02-23 16:49:55
user_3,17331,Delhi,2026-02-23 16:49:57
user_4,1010,Delhi,2026-02-23 16:49:59
user_2,11970,Mumbai,2026-02-23 16:50:01
user_3,21491,Hyderabad,2026-02-23 16:50:03
user_1,6714,Mumbai,2026-02-23 16:50:05
user_4,39632,Bangalore,2026-02-23 16:50:07
user_4,1657,Delhi,2026-02-23 16:50:10
user_2,27289,Hyderabad,2026-02-23 16:50:12
user_3,38390,Delhi,2026-02-23 16:50:14
user_5,622,Delhi,2026-02-23 16:50:16
user_5,46662,Hyderabad,2026-02-23 16:50:18
user_2,34592,Hyderabad,2026-02-23 16:50:20
user_4,44762,Delhi,2026-02-23 16:50:22
user_5,27767,Mumbai,2026-02-23 16:50:24
user_4,22317,Mumbai,2026-02-23 16:50:26
user_4,40263,Bangalore,2026-02-23 16:50:28
user_4,30717,Bangalore,2026-02-23 16:50:30
user_3,10714,Bangalore,2026-02-23 16:50:32
user_5,11324,Delhi,2026-02-23 16:50:34
user_2,43933,Bangalore,2026-02-23 16:50:36
user_4,40711,Bangalore,2026-02-23 16:50:38
user_3,45552,Bangalore,2026-02-23 16:50:40
user_3,24929,Bangalore,2026-02-23 16:50:42
user_3,26029,Delhi,2026-02-23 16:50:44
user_5,32220,Delhi,2026-02-23 16:50:46
user_5,29737,Mumbai,2026-02-23 16:50:48
user_2,17350,Delhi,2026-02-23 16:50:50
user_1,48632,Mumbai,2026-02-23 16:50:52
user_1,18937,Mumbai,2026-02-23 16:50:54
user_4,18647,Mumbai,2026-02-23 16:50:56
user_4,36145,Delhi,2026-02-23 16:50:58
user_2,22390,Delhi,2026-02-23 16:51:00
user_5,17296,Hyderabad,2026-02-23 16:51:02
user_5,6523,Mumbai,2026-02-23 16:51:04
user_2,917,Delhi,2026-02-23 16:51:06
user_5,43283,Hyderabad,2026-02-23 16:51:08
user_2,49889,Mumbai,2026-02-23 16:51:10
user_2,30798,Hyderabad,2026-02-23 16:51:12
user_3,31611,Delhi,2026-02-23 16:51:14
user_1,49134,Hyderabad,2026-02-23 16:51:16
user_3,26184,Mumbai,2026-02-23 16:51:18
user_1,3013,Delhi,2026-02-23 16:51:21
user_2,45404,Bangalore,2026-02-23 16:51:23
user_3,15510,Hyderabad,2026-02-23 16:51:25
user_2,46971,Hyderabad,2026-02-23 16:51:27
user_4,22184,Mumbai,2026-02-23 16:51:29
user_2,5105,Hyderabad,2026-02-23 16:51:31
user_5,6611,Hyderabad,2026-02-23 16:51:33
user_1,34937,Bangalore,2026-02-23 16:51:35
user_5,9662,Mumbai,2026-02-23 16:51:37
user_4,8429,Bangalore,2026-02-23 16:51:39
user_3,43819,Bangalore,2026-02-23 16:51:41
user_4,18480,Mumbai,2026-02-23 16:51:43
user_3,46453,Bangalore,2026-02-23 16:51:45
user_4,36928,Hyderabad,2026-02-23 16:51:47
user_3,22966,Hyderabad,2026-02-23 16:51:49
user_4,16321,Mumbai,2026-02-23 16:51:51
user_5,48534,Hyderabad,2026-02-23 16:51:53
user_5,11652,Hyderabad,2026-02-23 16:51:55
user_4,47979,Mumbai,2026-02-23 16:51:57
user_3,7196,Hyderabad,2026-02-23 16:51:59
user_1,25531,Mumbai,2026-02-23 16:52:01
user_1,28869,Mumbai,2026-02-23 16:52:03
user_5,48113,Mumbai,2026-02-23 16:52:05
user_4,34814,Bangalore,2026-02-23 16:52:07
user_5,8712,Bangalore,2026-02-23 16:52:09
user_3,45551,Bangalore,2026-02-23 16:52:11
user_2,49639,Mumbai,2026-02-23 16:52:13
user_2,30233,Bangalore,2026-02-23 16:52:15
user_4,7656,Delhi,2026-02-23 16:52:17
user_4,39593,Delhi,2026-02-23 16:52:19
user_2,38720,Delhi,2026-02-23 16:52:21
user_3,28839,Delhi,2026-02-23 16:52:23
user_3,27801,Mumbai,2026-02-23 16:52:25
user_5,31348,Delhi,2026-02-23 16:52:27
user_5,30823,Bangalore,2026-02-23 16:52:30
user_1,39818,Hyderabad,2026-02-23 16:52:32
user_1,20933,Mumbai,2026-02-23 16:52:34
user_2,29805,Delhi,2026-02-23 16:52:36
user_1,35809,Delhi,2026-02-23 16:52:38
user_5,9087,Mumbai,2026-02-23 16:52:40
user_3,26067,Bangalore,2026-02-23 16:52:42
user_3,20801,Bangalore,2026-02-23 16:52:44
user_3,7670,Hyderabad,2026-02-23 16:52:46
user_4,8894,Bangalore,2026-02-23 16:52:48
user_1,41526,Mumbai,2026-02-23 16:52:50
user_2,7089,Delhi,2026-02-23 16:52:52
user_5,7734,Delhi,2026-02-23 16:52:54
user_4,30845,Delhi,2026-02-23 16:52:56
user_4,21297,Mumbai,2026-02-23 16:52:58
user_3,15996,Delhi,2026-02-23 16:53:00
user_1,3083,Hyderabad,2026-02-23 16:53:02
user_4,27412,Hyderabad,2026-02-23 16:53:04
user_4,22338,Mumbai,2026-02-23 16:53:06
user_4,10761,Delhi,2026-02-23 16:53:08
user_1,19086,Mumbai,2026-02-23 16:53:10
user_3,38914,Delhi,2026-02-23 16:53:12
user_1,41318,Hyderabad,2026-02-23 16:53:14
user_3,13863,Mumbai,2026-02-23 16:53:16
user_1,47271,Hyderabad,2026-02-23 16:53:18
user_1,46309,Bangalore,2026-02-23 16:53:20
user_4,19967,Bangalore,2026-02-23 16:53:22
user_1,31260,Hyderabad,2026-02-23 16:53:24
user_3,49247,Bangalore,2026-02-23 16:53:26
user_3,948,Mumbai,2026-02-23 16:53:28
user_3,10705,Hyderabad,2026-02-23 16:53:30
user_1,2099,Mumbai,2026-02-23 16:53:32
user_4,39602,Bangalore,2026-02-23 16:53:34
user_4,45624,Mumbai,2026-02-23 16:53:36
user_4,31280,Hyderabad,2026-02-23 16:53:38
user_4,2547,Hyderabad,2026-02-23 16:53:40
user_5,48313,Hyderabad,2026-02-23 16:53:42
user_3,34297,Mumbai,2026-02-23 16:53:44
user_4,39278,Hyderabad,2026-02-23 16:53:46
user_2,13128,Mumbai,2026-02-23 16:53:48
user_5,34963,Hyderabad,2026-02-23 16:53:50
user_3,7034,Bangalore,2026-02-23 16:53:52
user_2,1855,Delhi,2026-02-23 16:53:54
user_4,37898,Mumbai,2026-02-23 16:53:56
user_4,27141,Hyderabad,2026-02-23 16:53:58
user_1,48595,Delhi,2026-02-23 16:54:00
user_4,47655,Hyderabad,2026-02-23 16:54:02
user_1,46801,Mumbai,2026-02-23 16:54:04
user_2,39464,Delhi,2026-02-23 16:54:07
user_4,39808,Hyderabad,2026-02-23 16:54:09
user_3,18579,Hyderabad,2026-02-23 16:54:11
user_5,38229,Delhi,2026-02-23 16:54:13
user_2,43753,Delhi,2026-02-23 16:54:15
user_5,43090,Bangalore,2026-02-23 16:54:17
user_2,30547,Hyderabad,2026-02-23 16:54:19
user_5,34599,Bangalore,2026-02-23 16:54:21
user_4,30839,Mumbai,2026-02-23 16:54:23
user_1,23607,Hyderabad,2026-02-23 16:54:25
user_2,8020,Hyderabad,2026-02-23 16:54:27
user_3,27994,Bangalore,2026-02-23 16:54:29
user_5,35516,Hyderabad,2026-02-23 16:54:31
user_2,9029,Bangalore,2026-02-23 16:54:33
user_4,26547,Delhi,2026-02-23 16:54:35
user_5,31484,Hyderabad,2026-02-23 16:54:37
user_4,28930,Hyderabad,2026-02-23 16:54:39
user_3,27244,Mumbai,2026-02-23 16:54:41
user_4,43815,Bangalore,2026-02-23 16:54:43
user_5,39228,Mumbai,2026-02-23 16:54:45
user_1,38909,Delhi,2026-02-23 16:54:47
user_5,14518,Hyderabad,2026-02-23 16:54:49
user_4,27904,Hyderabad,2026-02-23 16:54:51
user_5,35258,Delhi,2026-02-23 16:54:53
user_4,21925,Mumbai,2026-02-23 16:54:55
user_4,6604,Mumbai,2026-02-23 16:54:57
user_2,7625,Hyderabad,2026-02-23 16:54:59
user_2,49099,Bangalore,2026-02-23 16:55:01
user_1,16013,Hyderabad,2026-02-23 16:55:03
user_3,22908,Delhi,2026-02-23 16:55:05
user_1,20243,Bangalore,2026-02-23 16:55:07
user_2,3515,Mumbai,2026-02-23 16:55:09
user_1,10092,Mumbai,2026-02-23 16:55:11
user_5,32915,Mumbai,2026-02-23 16:55:13
user_2,16168,Mumbai,2026-02-23 16:55:15
user_2,10196,Bangalore,2026-02-23 16:55:17
user_1,30101,Delhi,2026-02-23 16:55:19
user_2,36265,Hyderabad,2026-02-23 16:55:21
user_2,36802,Mumbai,2026-02-23 16:55:23
user_2,34715,Bangalore,2026-02-23 16:55:25
user_1,28153,Bangalore,2026-02-23 16:55:27
user_5,47642,Bangalore,2026-02-23 16:55:29
user_1,35691,Hyderabad,2026-02-23 16:55:31
user_3,39495,Bangalore,2026-02-23 16:55:33
user_5,46546,Hyderabad,2026-02-23 16:55:35
user_1,16127,Hyderabad,2026-02-23 16:55:37
user_2,17866,Mumbai,2026-02-23 16:55:39
user_3,6261,Delhi,2026-02-23 16:55:41
user_2,14671,Bangalore,2026-02-23 16:55:43
user_5,36854,Mumbai,2026-02-23 16:55:45
user_1,46352,Mumbai,2026-02-23 16:55:47
user_1,46803,Mumbai,2026-02-23 16:55:49
user_1,7783,Mumbai,2026-02-23 16:55:51
user_1,14717,Delhi,2026-02-23 16:55:54
user_2,22609,Hyderabad,2026-02-23 16:55:56
user_2,29746,Delhi,2026-02-23 16:55:58
user_3,35874,Hyderabad,2026-02-23 16:56:00
user_1,18764,Mumbai,2026-02-23 16:56:02
user_2,41443,Hyderabad,2026-02-23 16:56:04
user_3,23082,Delhi,2026-02-23 16:56:06
user_1,22190,Mumbai,2026-02-23 16:56:08
user_1,46159,Delhi,2026-02-23 16:56:10
user_4,43287,Delhi,2026-02-23 16:56:12
user_5,4683,Mumbai,2026-02-23 16:56:14
user_3,38957,Delhi,2026-02-23 16:56:16
user_2,16860,Mumbai,2026-02-23 16:56:18
user_5,21040,Mumbai,2026-02-23 16:56:20
user_2,25673,Hyderabad,2026-02-23 16:56:22
user_2,3436,Hyderabad,2026-02-23 16:56:24
user_1,39785,Bangalore,2026-02-23 16:56:26
user_3,29580,Hyderabad,2026-02-23 16:56:28
user_3,10441,Mumbai,2026-02-23 16:56:30
user_1,7092,Delhi,2026-02-23 16:56:32
user_4,2783,Hyderabad,2026-02-23 16:56:34
user_1,47534,Mumbai,2026-02-23 16:56:36
user_4,11859,Bangalore,2026-02-23 16:56:38
user_4,42614,Delhi,2026-02-23 16:56:40
user_5,22099,Hyderabad,2026-02-23 16:56:42
user_4,5510,Hyderabad,2026-02-23 16:56:44
user_2,38497,Hyderabad,2026-02-23 16:56:46
user_1,35162,Hyderabad,2026-02-23 16:56:48
user_1,9297,Hyderabad,2026-02-23 16:56:50
user_3,23157,Delhi,2026-02-23 16:56:52
user_3,25354,Bangalore,2026-02-23 16:56:54
user_1,41716,Hyderabad,2026-02-23 16:56:56
user_5,1207,Bangalore,2026-02-23 16:56:58
user_4,3557,Hyderabad,2026-02-23 16:57:00
user_4,21149,Mumbai,2026-02-23 16:57:02
user_5,22496,Delhi,2026-02-23 16:57:05
user_3,19334,Hyderabad,2026-02-23 16:57:07
user_5,37086,Hyderabad,2026-02-23 16:57:09
user_3,45488,Hyderabad,2026-02-23 16:57:11
user_1,25293,Mumbai,2026-02-23 16:57:13
user_1,19530,Bangalore,2026-02-23 16:57:15
user_2,48131,Bangalore,2026-02-23 16:57:17
user_3,12560,Bangalore,2026-02-23 16:57:19
user_1,15711,Mumbai,2026-02-23 16:57:21
